Toy Name,Tou Url,Price
LEGO Ninjago Legacy Monastery of Spinjitzu 70670 Building Kit,/ip/LEGO-Ninjago-Legacy-Monastery-of-Spinjitzu-70670-Building-Kit/469416319,"Current Price
$79.99
$79.99"
LEGO NINJAGO Coles Speeder Car 71706 Ninja Car Building Kit (52 Pieces),/ip/LEGO-NINJAGO-Cole-s-Speeder-Car-71706-Ninja-Car-Building-Kit-52-Pieces/524320111,"Current Price
$9.79
$9.79"
LEGO NINJAGO Jays Cyber Dragon 71711 Ninja Action Toy Building Kit (518 Pieces),/ip/LEGO-NINJAGO-Jay-s-Cyber-Dragon-71711-Ninja-Action-Toy-Building-Kit-518-Pieces/880102219,"Current Price
$39.99
$39.99"
"LEGO NINJAGO Skull Sorcerers Dragon 71721 Ninja Dragon Building Toy for Kids (1,016 Pieces)",/ip/LEGO-NINJAGO-Skull-Sorcerer-s-Dragon-71721-Ninja-Dragon-Building-Toy-for-Kids-1-016-Pieces/191078779,New
LEGO NINJAGO Empire Dragon 71713 Ninja Hero Building Toy Ages 8 and up (286 Pieces),/ip/LEGO-NINJAGO-Empire-Dragon-71713-Ninja-Hero-Building-Toy-Ages-8-and-up-286-Pieces/212306344,"Current Price
$49.21
$49.21"
LEGO NINJAGO Legacy Kais Fire Dragon 71701 Building Kit (81 Pieces),/ip/LEGO-NINJAGO-Legacy-Kai-s-Fire-Dragon-71701-Building-Kit-81-Pieces/427671890,"Current Price
$15.99
$15.99"
LEGO Ninjago Legacy Samurai Mech 70665 Building Kit with Minifigures,/ip/LEGO-Ninjago-Legacy-Samurai-Mech-70665-Building-Kit-with-Minifigures/137560972,"Current Price
$29.99
$29.99"
LEGO NINJAGO Jay Avatar - Arcade Pod 71715 Mini Arcade Machine Building Kit (47 Pieces),/ip/LEGO-NINJAGO-Jay-Avatar-Arcade-Pod-71715-Mini-Arcade-Machine-Building-Kit-47-Pieces/213295541,"Current Price
$9.89
$9.89"
LEGO NINJAGO Kai Avatar - Arcade Pod 71714 Mini Arcade Machine Building Kit (49 Pieces),/ip/LEGO-NINJAGO-Kai-Avatar-Arcade-Pod-71714-Mini-Arcade-Machine-Building-Kit-49-Pieces/773603212,"Current Price
$9.89
$9.89"
LEGO NINJAGO Fire Stone Mech 71720 Ninja Mech Building Toy for Kids Age 9+ (968 Pieces),/ip/LEGO-NINJAGO-Fire-Stone-Mech-71720-Ninja-Mech-Building-Toy-for-Kids-Age-9-968-Pieces/476007088,New
LEGO NINJAGO Spinjitzu Burst - Cole 70685 Interactive Ninja Building Toy Ages 7+ (48 Pieces),/ip/LEGO-NINJAGO-Spinjitzu-Burst-Cole-70685-Interactive-Ninja-Building-Toy-Ages-7-48-Pieces/655180923,New
LEGO NINJAGO Spinjitzu Burst - Lloyd 70687 Interactive Ninja Building Toy Ages 7+ (48 Pieces),/ip/LEGO-NINJAGO-Spinjitzu-Burst-Lloyd-70687-Interactive-Ninja-Building-Toy-Ages-7-48-Pieces/589641529,New
LEGO Ninjago Movie Green Ninja Mech Dragon 70612 Ninja Dragon Toy,/ip/LEGO-Ninjago-Movie-Green-Ninja-Mech-Dragon-70612-Ninja-Dragon-Toy/322045533,"Current Price
$149.64
$149.64"
LEGO Ninjago The Golden Dragon Building Set 70666 (171 Pieces),/ip/LEGO-Ninjago-The-Golden-Dragon-Building-Set-70666-171-Pieces/878942901,"Current Price
$59.98
$59.98"
LEGO Minifigures THE LEGO NINJAGO MOVIE - 71019 (Includes any one character),/ip/LEGO-Minifigures-THE-LEGO-NINJAGO-MOVIE-71019-Includes-any-one-character/416196666,"Current Price
$8.99
$8.99"
LEGO NINJAGO Lloyd Avatar - Arcade Pod 71716 Mini Arcade Machine Building Kit (48 Pieces),/ip/LEGO-NINJAGO-Lloyd-Avatar-Arcade-Pod-71716-Mini-Arcade-Machine-Building-Kit-48-Pieces/310415006,"Current Price
$14.45
$14.45"
LEGO NINJAGO Spinjitzu Burst - Kai 70686 Interactive Ninja Building Toy Ages 7+ (48 Pieces),/ip/LEGO-NINJAGO-Spinjitzu-Burst-Kai-70686-Interactive-Ninja-Building-Toy-Ages-7-48-Pieces/431372341,New
LEGO Ninjago Kai's Blade Cycle & Zane's Snowmobile 70667,/ip/LEGO-Ninjago-Kai-s-Blade-Cycle-Zane-s-Snowmobile-70667/729569988,"Current Price
$79.99
$79.99"
LEGO Ninjago Lloyd's Journey 70671 Toy Fortress Building Kit (81 Pieces),/ip/LEGO-Ninjago-Lloyd-s-Journey-70671-Toy-Fortress-Building-Kit-81-Pieces/975670273,"Current Price
$34.99
$34.99"
LEGO Ninjago Katana V11 70638,/ip/LEGO-Ninjago-Katana-V11-70638/537888883,"Current Price
$58.98
$58.98"
LEGO Ninjago Fangpyre Mech,/ip/LEGO-Ninjago-Fangpyre-Mech/17768177,"Current Price
$54.99
$54.99"
LEGO Ninjago Green Ninja Mech Dragon Micro Build 30428,/ip/LEGO-Ninjago-Green-Ninja-Mech-Dragon-Micro-Build-30428/233280702,"Current Price
$9.76
$9.76"
LEGO Ninjago Merchant Avatar Jay 30537,/ip/LEGO-Ninjago-Merchant-Avatar-Jay-30537/619470236,"Current Price
$10.97
$10.97"
LEGO Ninjago Legacy Lloyd (Golden Ninja) Minifigure [No Packaging],/ip/LEGO-Ninjago-Legacy-Lloyd-Golden-Ninja-Minifigure-No-Packaging/969270539,"Current Price
$9.99
$9.99"
LEGO Ninjago Spinjitzu Slam - Lloyd 70681 Ninja Building Kit (70 Pieces),/ip/LEGO-Ninjago-Spinjitzu-Slam-Lloyd-70681-Ninja-Building-Kit-70-Pieces/261441241,New
LEGO Ninjago Spinjitzu Lloyd vs. Garmadon 70664,/ip/LEGO-Ninjago-Spinjitzu-Lloyd-vs-Garmadon-70664/593985104,"Current Price
$54.99
$54.99"
LEGO Ninjago Street Race of Snake Jaguar 70639 Ninja Bike Building Set,/ip/LEGO-Ninjago-Street-Race-of-Snake-Jaguar-70639-Ninja-Bike-Building-Set/364900940,"Current Price
$99.99
$99.99"
LEGO Ninjago Jungle Raider 71700 6288942,/ip/LEGO-Ninjago-Jungle-Raider-71700-6288942/990096248,"Current Price
$36.70
$36.70"
LEGO Ninjago Monastery Training 70680,/ip/LEGO-Ninjago-Monastery-Training-70680/412394750,"Current Price
$17.94
$17.94"
LEGO Ninjago Movie Fire Mech 70615 Building Set (944 Pieces),/ip/LEGO-Ninjago-Movie-Fire-Mech-70615-Building-Set-944-Pieces/334504577,"Current Price
$127.99
$127.99"
LEGO Ninjago Stormbringer70652,/ip/LEGO-Ninjago-Stormbringer-70652/399092818,New
LEGO Ninjago Stealthy Swamp Airboat 30426,/ip/LEGO-Ninjago-Stealthy-Swamp-Airboat-30426/897961160,"Current Price
$9.99
$9.99"
LEGO Ninjago Spinjitzu Slam - Zane 70683 Ninja Toy Building Kit (63 Pieces),/ip/LEGO-Ninjago-Spinjitzu-Slam-Zane-70683-Ninja-Toy-Building-Kit-63-Pieces/401625064,"Current Price
$38.29
$38.29"
LEGO Ninjago - Limited Edition - Sons of Garmadon - Nya foil Pack (891837),/ip/LEGO-Ninjago-Limited-Edition-Sons-of-Garmadon-Nya-foil-Pack-891837/492870340,"Current Price
$9.99
$9.99"
World of Ninjago (Lego Ninjago: Official Guide),/ip/World-of-Ninjago-Lego-Ninjago-Official-Guide/44373015,"Current Price
$12.19
$12.19"
LEGO Ninjago Quake Mech Micro Build 30379,/ip/LEGO-Ninjago-Quake-Mech-Micro-Build-30379/287943179,"Current Price
$9.38
$9.38"
"LEGO Ninjago Sorting Box, Transparent Red",/ip/LEGO-Ninjago-Sorting-Box-Transparent-Red/981104203,New
LEGO Ninjago Movie Spinjitzu Training 70606 (109 Pieces),/ip/LEGO-Ninjago-Movie-Spinjitzu-Training-70606-109-Pieces/285650271,"Current Price
$27.99
$27.99"
LEGO Ninjago Minifigure - Zane Titanium Ninja with Gold Sai weapons (70748),/ip/LEGO-Ninjago-Minifigure-Zane-Titanium-Ninja-with-Gold-Sai-weapons-70748/139742517,"Current Price
$19.99
$19.99"
LEGO Ninjago Kai - Dragon Master 70647 (92 Pieces),/ip/LEGO-Ninjago-Kai-Dragon-Master-70647-92-Pieces/254037820,New
Ninjago Turbo Shredder Set LEGO 2263,/ip/Ninjago-Turbo-Shredder-Set-LEGO-2263/15257180,"Current Price
$79.99
$79.99"
LEGO Ninjago Zane - Spinjitzu Master 70636 (69 Pieces),/ip/LEGO-Ninjago-Zane-Spinjitzu-Master-70636-69-Pieces/756027530,"Current Price
$34.99
$34.99"
LEGO POLYBAG NINJAGO SAMURAI X MECH 30533,/ip/LEGO-POLYBAG-NINJAGO-SAMURAI-X-MECH-30533/217795968,"Current Price
$10.99
$10.99"
LEGO Ninjago Ninja Nightcrawler 70641,/ip/LEGO-Ninjago-Ninja-Nightcrawler-70641/960185266,"Current Price
$134.99
$134.99"
LEGO Ninjago S.O.G. Headquarters 70640 (530 Pieces),/ip/LEGO-Ninjago-S-O-G-Headquarters-70640-530-Pieces/950258299,"Current Price
$94.99
$94.99"
Santoki - LEGO Ninjago Legacy Gold Ninja Key Light,/ip/Santoki-LEGO-Ninjago-Legacy-Gold-Ninja-Key-Light/878742903,"Current Price
$12.99
$12.99"
LEGO Ninjago City Chase 70607,/ip/LEGO-Ninjago-City-Chase-70607/328835713,"Current Price
$76.38
$76.38"
The Ninjago Movie Lloyd Set LEGO 30609 [Bagged],/ip/The-Ninjago-Movie-Lloyd-Set-LEGO-30609-Bagged/705184925,"Current Price
$9.88
$9.88"
Santoki - LEGO Ninjago Legacy Kai Torch,/ip/Santoki-LEGO-Ninjago-Legacy-Kai-Torch/511491226,"Current Price
$19.99
$19.99"
LEGO Ninjago Spinjitzu Jay 70660,/ip/LEGO-Ninjago-Spinjitzu-Jay-70660/532110512,"Current Price
$39.99
$39.99"
Ninjago Mini Turbo Shredder Mini Set LEGO 20020 [Bagged],/ip/Ninjago-Mini-Turbo-Shredder-Mini-Set-LEGO-20020-Bagged/47626175,"Current Price
$14.95
$14.95"
LEGO Ninjago Dragon Hunter 30547,/ip/LEGO-Ninjago-Dragon-Hunter-30547/817165760,"Current Price
$20.52
$20.52"
LEGO Ninjago Kai's Mech Jet 71707 6288956,/ip/LEGO-Ninjago-Kai-s-Mech-Jet-71707-6288956/222625713,"Current Price
$39.99
$39.99"
LEGO Ninjago Accessory Set 2019 Minifigure 3-Pack,/ip/LEGO-Ninjago-Accessory-Set-2019-Minifigure-3-Pack/656487449,"Current Price
$30.09
$30.09"
LEGO Juniors Ninjago Movie Shark Attack 10739 (108 Pieces),/ip/LEGO-Juniors-Ninjago-Movie-Shark-Attack-10739-108-Pieces/794862714,"Current Price
$39.70
$39.70"
LEGO Ninjago Jay - Spinjitzu Master 70635 (68 Pieces),/ip/LEGO-Ninjago-Jay-Spinjitzu-Master-70635-68-Pieces/850823812,"Current Price
$34.98
$34.98"
"LEGO Ninjago: Ninja's Set of 6 - Lloyd, NYA, Zane, Cole, Jay, Kai Skybound Minifigures",/ip/LEGO-Ninjago-Ninja-s-Set-of-6-Lloyd-NYA-Zane-Cole-Jay-Kai-Skybound-Minifigures/435704541,"Current Price
$75.89
$75.89"
Ninjago Jumping Snake Battle Mini Set LEGO 30085 [Bagged],/ip/Ninjago-Jumping-Snake-Battle-Mini-Set-LEGO-30085-Bagged/47626752,"Current Price
$9.15
$9.15"
LEGO 30534 Ninjago Ninja Workout Polybag Set,/ip/LEGO-30534-Ninjago-Ninja-Workout-Polybag-Set/721425033,"Current Price
$8.95
$8.95"
LEGO Ninjago Anacondrai Mini Battle Mech Bagged Set,/ip/LEGO-Ninjago-Anacondrai-Mini-Battle-Mech-Bagged-Set/47767349,"Current Price
$7.94
$7.94
Out of stock"
LEGO Ninjago Manta Ray Bomber 70609,/ip/LEGO-Ninjago-Manta-Ray-Bomber-70609/314281811,"Current Price
$59.99
$59.99"
LEGO Ninjago Spinjitzu Kai 70659,/ip/LEGO-Ninjago-Spinjitzu-Kai-70659/526610924,"Current Price
$34.99
$34.99"
Ninjago Cole Set LEGO 5004393,/ip/Ninjago-Cole-Set-LEGO-5004393/134678874,"Current Price
$14.99
$14.99"
LEGO Ninjago Movie Water Strider 70611 (494 Pieces),/ip/LEGO-Ninjago-Movie-Water-Strider-70611-494-Pieces/937661939,"Current Price
$161.88
$161.88"
Ninjago Accessory Set LEGO 853687 [853687],/ip/Ninjago-Accessory-Set-LEGO-853687-853687/997868328,"Current Price
$30.99
$30.99"
lego ninjago nadakhan with wu djinn blade minifigure,/ip/lego-ninjago-nadakhan-with-wu-djinn-blade-minifigure/197937180,"Current Price
$18.99
$18.99"
LEGO Ninjago Jay - Dragon Master 70646 (92 Pieces),/ip/LEGO-Ninjago-Jay-Dragon-Master-70646-92-Pieces/822287473,New
LEGO Ninjago Spinjitzu Nya & Wu 70663,/ip/LEGO-Ninjago-Spinjitzu-Nya-Wu-70663/221975733,"Current Price
$46.40
$46.40"
LEGO Ninjago Skeleton Bowling Exclusive Set #2519,/ip/LEGO-Ninjago-Skeleton-Bowling-Exclusive-Set-2519/48240763,"Current Price
$84.99
$84.99"
LEGO Ninjago Lord Garmadon 4 Arms and Gold Weapons,/ip/LEGO-Ninjago-Lord-Garmadon-4-Arms-and-Gold-Weapons/782215311,"Current Price
$19.68
$19.68"
LEGO Ninjago Lasha's Bite Cycle Play Set,/ip/LEGO-Ninjago-Lasha-s-Bite-Cycle-Play-Set/21095609,"Current Price
$82.97
$82.97"
LEGO Ninjago Legacy Lloyd Minifigure [No Packaging],/ip/LEGO-Ninjago-Legacy-Lloyd-Minifigure-No-Packaging/831694881,"Current Price
$10.99
$10.99"
LEGO Ninjago Kai - Spinjitzu Master 70633 (61 Pieces),/ip/LEGO-Ninjago-Kai-Spinjitzu-Master-70633-61-Pieces/610698193,"Current Price
$39.98
$39.98"
LEGO Ninjago Cole's Earth Driller Ninja Toy Set 70669,/ip/LEGO-Ninjago-Cole-s-Earth-Driller-Ninja-Toy-Set-70669/410513019,"Current Price
$149.99
$149.99"
LEGO LEGO Ninjago Silver Shoulder Guard with Back Clip Loose Weapon,/ip/LEGO-LEGO-Ninjago-Silver-Shoulder-Guard-with-Back-Clip-Loose-Weapon/48396023,"Current Price
$2.50
$2.50"
Ninjago Accessory Set LEGO 853544,/ip/Ninjago-Accessory-Set-LEGO-853544/132855201,"Current Price
$29.99
$29.99"
LEGO Ninjago Movie Flying Jelly Sub 70610 (341 Pieces),/ip/LEGO-Ninjago-Movie-Flying-Jelly-Sub-70610-341-Pieces/55126276,New
"LEGO Ninjago Movie Destiny's Bounty 70618 (2,295 Pieces)",/ip/LEGO-Ninjago-Movie-Destiny-s-Bounty-70618-2-295-Pieces/355348849,"Current Price
$359.99
$359.99"
LEGO Ninjago Minifigure Set LEGO 40342,/ip/LEGO-Ninjago-Minifigure-Set-LEGO-40342/678777165,"Current Price
$39.99
$39.99"
LEGO Ninjago Killow vs. Samurai X 70642 (556 Pieces),/ip/LEGO-Ninjago-Killow-vs-Samurai-X-70642-556-Pieces/717289752,"Current Price
$209.99
$209.99"
LEGO Ninjago Movie Ice Tank Set,/ip/LEGO-Ninjago-Movie-Ice-Tank-Set/243971842,"Current Price
$20.99
$20.99"
LEGO Ninjago Spinjitzu Cole 70662,/ip/LEGO-Ninjago-Spinjitzu-Cole-70662/623522991,"Current Price
$34.99
$34.99"
Ninjago Kai & Morro Set LEGO 5003085,/ip/Ninjago-Kai-Morro-Set-LEGO-5003085/49312775,"Current Price
$34.99
$34.99"
LEGO Ninjago Cole - Dragon Master 70633 (92 Pieces),/ip/LEGO-Ninjago-Cole-Dragon-Master-70633-92-Pieces/730764678,New
LEGO Ninjago Lloyd - Spinjitzu Master 70628 (48 Pieces),/ip/LEGO-Ninjago-Lloyd-Spinjitzu-Master-70628-48-Pieces/243816144,"Current Price
$72.86
$72.86"
LEGO Ninjago Cole - Spinjitzu Master 70637 (73 Pieces),/ip/LEGO-Ninjago-Cole-Spinjitzu-Master-70637-73-Pieces/990679533,"Current Price
$35.40
$35.40"
LEGO Ninjago Kai Fighter Play Set,/ip/LEGO-Ninjago-Kai-Fighter-Play-Set/30656636,"Current Price
$154.90
$154.90"
LEGO Ninjago Movie Master Falls 70608 (312 Pieces),/ip/LEGO-Ninjago-Movie-Master-Falls-70608-312-Pieces/877034674,"Current Price
$89.99
$89.99"
LEGO Ninjago Kai Fire Mech Play Set,/ip/LEGO-Ninjago-Kai-Fire-Mech-Play-Set/22018290,"Current Price
$88.87
$88.87"
LEGO Ninjago Nindroid MechDragon and Nyas Car with 5 Minifigures Set | 70725,/ip/LEGO-Ninjago-Nindroid-MechDragon-and-Nya-s-Car-with-5-Minifigures-Set-70725/30656643,"Current Price
$253.64
$253.64"
LEGO Ninjago Spinjitzu Slam Zane 70683 Multi 6265507,/ip/LEGO-Ninjago-Spinjitzu-Slam-Zane-70683-Multi-6265507/240124092,"Current Price
$36.75
$36.75"
LEGO Ninjago NINJAGO City Docks70657,/ip/LEGO-Ninjago-NINJAGO-City-Docks-70657/330633288,New
LEGO LEGO Ninjago Lloyd Minifigure [Gold Ninja] [No Packaging],/ip/LEGO-LEGO-Ninjago-Lloyd-Minifigure-Gold-Ninja-No-Packaging/391605731,"Current Price
$29.99
$29.99"
LEGO Ninjago Cole's Tread Assault,/ip/LEGO-Ninjago-Cole-s-Tread-Assault/17767404,"Current Price
$249.99
$249.99"
LEGO? NINJAGO? Ultra Sonic Raider Vehicle w/ Minifigures | 9449,/ip/LEGO-NINJAGO-Ultra-Sonic-Raider-Vehicle-w-Minifigures-9449/21095597,"Current Price
$279.99
$279.99"
Santoki - LEGO Ninjago Legacy Gold Ninja Torch,/ip/Santoki-LEGO-Ninjago-Legacy-Gold-Ninja-Torch/784846168,"Current Price
$19.99
$19.99"
LEGO Ninjago Ninja Bike Chase 70600,/ip/LEGO-Ninjago-Ninja-Bike-Chase-70600/47335750,"Current Price
$89.99
$89.99"
LEGO Ninjago Temple of Airjitzu 70751,/ip/LEGO-Ninjago-Temple-of-Airjitzu-70751/132609020,"Current Price
$890.00
$890.00"
LEGO NINJAGO MINIFIGURE KAI HAIR PIECE RED NINJA SPIKED DARK BROWN HEAD GEAR,/ip/LEGO-NINJAGO-MINIFIGURE-KAI-HAIR-PIECE-RED-NINJA-SPIKED-DARK-BROWN-HEAD-GEAR/345466072,"Current Price
$6.49
$6.49"
LEGO Ninjago Zane - Dragon Master,/ip/LEGO-Ninjago-Zane-Dragon-Master/249349443,New
LEGO Ninjago Temple of Airjitzu 70751,/ip/LEGO-Ninjago-Temple-of-Airjitzu-70751/46295024,"Current Price
$579.99
$579.99"
"LEGO NINJAGO Kryptarium Prison Breakout, 70591",/ip/LEGO-NINJAGO-Kryptarium-Prison-Breakout-70591/51720881,"Current Price
$81.95
$81.95"
LEGO Ninjago The Green NRG Dragon 70593,/ip/LEGO-Ninjago-The-Green-NRG-Dragon-70593/51720884,"Current Price
$181.74
$181.74"
"LEGO Ninjago Tiger Widow Island, 70604",/ip/LEGO-Ninjago-Tiger-Widow-Island-70604/47335765,"Current Price
$154.99
$154.99"
The Ninjago Movie Ninjago Movie Making Kit LEGO 853702,/ip/The-Ninjago-Movie-Ninjago-Movie-Making-Kit-LEGO-853702/635775233,"Current Price
$79.99
$79.99"
LEGO Ninjago Skull Motorbike 2259,/ip/LEGO-Ninjago-Skull-Motorbike-2259/15257191,"Current Price
$109.99
$109.99"
Lego Ninjago Blacksmith Shop 2508,/ip/Lego-Ninjago-Blacksmith-Shop-2508/16672276,"Current Price
$134.99
$134.99"
LEGO Ninjago Ninja Training Outpost Set #2516,/ip/LEGO-Ninjago-Ninja-Training-Outpost-Set-2516/15257185,"Current Price
$59.99
$59.99"
LEGO Ninjago Dragon's Forge 70627,/ip/LEGO-Ninjago-Dragon-s-Forge-70627/55126180,"Current Price
$299.99
$299.99"
The Ninjago Movie Garma Mecha Man Set LEGO 70613,/ip/The-Ninjago-Movie-Garma-Mecha-Man-Set-LEGO-70613/297536083,"Current Price
$209.99
$209.99"
70501 Lego Ninjago Warrior Bike,/ip/70501-Lego-Ninjago-Warrior-Bike/22018286,"Current Price
$99.99
$99.99"
Ninjago Kai's Mini Dragon Mini Set LEGO 30422 [Bagged],/ip/Ninjago-Kai-s-Mini-Dragon-Mini-Set-LEGO-30422-Bagged/161025616,"Current Price
$34.86
$34.86"
LEGO Ninjago Spinjitzu Spinners Spinjitzu 3D Battle Arena Exclusive Set #853106,/ip/LEGO-Ninjago-Spinjitzu-Spinners-Spinjitzu-3D-Battle-Arena-Exclusive-Set-853106/47620171,"Current Price
$70.74
$70.74"
LEGO Ninjago The Lighthouse Siege 70594,/ip/LEGO-Ninjago-The-Lighthouse-Siege-70594/51720883,"Current Price
$259.40
$259.40"
LEGO Ninjago Spinjitzu Dojo 2504,/ip/LEGO-Ninjago-Spinjitzu-Dojo-2504/15257192,"Current Price
$149.95
$149.95"
LEGO Ninjago The Golden Dragon Play Set,/ip/LEGO-Ninjago-The-Golden-Dragon-Play-Set/22018276,Special Buy
LEGO NINJAGO Time Blade Claw,/ip/LEGO-NINJAGO-Time-Blade-Claw/441297588,"Current Price
$149.99
$149.99"
LEGO NINJAGO Legacy The Ultra Dragon 70679 Building Kit (951 Pieces),/ip/LEGO-NINJAGO-Legacy-The-Ultra-Dragon-70679-Building-Kit-951-Pieces/213968825,"Current Price
$249.90
$249.90"
"LEGO Ninjago Titan Mech Battle, 70737",/ip/LEGO-Ninjago-Titan-Mech-Battle-70737/45059373,"Current Price
$249.99
$249.99"
LEGO Ninjago Fangpyre Truck Ambush 9445,/ip/LEGO-Ninjago-Fangpyre-Truck-Ambush-9445/17767405,"Current Price
$224.99
$224.99"
lego ninjago destiny's bounty,/ip/lego-ninjago-destiny-s-bounty/17767406,"Current Price
$330.06
$330.06"
"LEGO Ninjago Master Wu Dragon, 70734",/ip/LEGO-Ninjago-Master-Wu-Dragon-70734/45059369,"Current Price
$229.99
$229.99"
LEGO Ninjago Ultra Stealth Raider 70595,/ip/LEGO-Ninjago-Ultra-Stealth-Raider-70595/51720886,"Current Price
$651.00
$651.00"
LEGO Ninjago Cole Minifigure [Knee Pads] [No Packaging],/ip/LEGO-Ninjago-Cole-Minifigure-Knee-Pads-No-Packaging/764884041,"Current Price
$13.99
$13.99"
LEGO Ninjago Legacy Thunder Raider 71699 6294182,/ip/LEGO-Ninjago-Legacy-Thunder-Raider-71699-6294182/316326086,"Current Price
$169.50
$169.50"
LEGO Ninjago Jungle Raider Toy (Discontinued by manufacturer),/ip/LEGO-Ninjago-Jungle-Raider-Toy-Discontinued-by-manufacturer/498797692,"Current Price
$187.48
$187.48"
Lego Ninjago Mountain Shrine 2254,/ip/Lego-Ninjago-Mountain-Shrine-2254/16672274,"Current Price
$99.99
$99.99"
LEGO LEGO Ninjago Kukri Sword Loose Weapon [Lloyd's Sword],/ip/LEGO-LEGO-Ninjago-Kukri-Sword-Loose-Weapon-Lloyd-s-Sword/459349959,"Current Price
$0.50
$0.50"
LEGO Ninjago Jay Minifigure [Sleeveless with Bandana] [No Packaging],/ip/LEGO-Ninjago-Jay-Minifigure-Sleeveless-with-Bandana-No-Packaging/942700894,"Current Price
$12.95
$12.95"
LEGO Ninjago Airjitzu Kai Flyer,/ip/LEGO-Ninjago-Airjitzu-Kai-Flyer/44898049,"Current Price
$79.99
$79.99"
LEGO Ninjago Skull Truck 2506,/ip/LEGO-Ninjago-Skull-Truck-2506/16672278,"Current Price
$168.69
$168.69"
LEGO Ninjago - Skybound Lloyd with Dual Gold Swords,/ip/LEGO-Ninjago-Skybound-Lloyd-with-Dual-Gold-Swords/852395217,"Current Price
$11.99
$11.99"
LEGO Ninjago Animals Dark Blue Slithering Serpent [Loose],/ip/LEGO-Ninjago-Animals-Dark-Blue-Slithering-Serpent-Loose/48343403,Reduced Price
LEGO Ninjago Rebooted Lloyd Minifigure [Techno Robe] [No Packaging],/ip/LEGO-Ninjago-Rebooted-Lloyd-Minifigure-Techno-Robe-No-Packaging/346060811,"Current Price
$12.49
$12.49"
LEGO Ninjago Destiny's Wing 70650 Ninja Warrior Building Toy,/ip/LEGO-Ninjago-Destiny-s-Wing-70650-Ninja-Warrior-Building-Toy/488217547,New
LEGO Ninjago Samurai VXL 70625,/ip/LEGO-Ninjago-Samurai-VXL-70625/55126179,"Current Price
$38.97
$38.97
Out of stock"
LEGO Ninjago Movie Garmadon's Volcano Lair 70631 (521 Pieces),/ip/LEGO-Ninjago-Movie-Garmadon-s-Volcano-Lair-70631-521-Pieces/229376522,New
LEGO Ninjago Movie Lightning Jet 70614 (876 Pieces),/ip/LEGO-Ninjago-Movie-Lightning-Jet-70614-876-Pieces/482121496,Reduced Price
LEGO Ninjago The Vermillion Attack 70621,/ip/LEGO-Ninjago-The-Vermillion-Attack-70621/55126173,"Current Price
$9.99
$9.99
Out of stock"
LEGO Ninjago Destiny's Shadow 70623,/ip/LEGO-Ninjago-Destiny-s-Shadow-70623/55126176,"Current Price
$29.99
$29.99
Out of stock"
LEGO Ninjago Movie Nunchucks 853700,/ip/LEGO-Ninjago-Movie-Nunchucks-853700/996482956,"Current Price
$149.99
$149.99"
LEGO Ninjago Vermillion Invader 70624,/ip/LEGO-Ninjago-Vermillion-Invader-70624/55126178,"Current Price
$112.01
$112.01"
LEGO Ninjago Cole's Speeder Car 71706 6288954,/ip/LEGO-Ninjago-Cole-s-Speeder-Car-71706-6288954/522210032,"Current Price
$34.20
$34.20"
LEGO 71019 The Ninjago Movie Collectible Minifigure Shark Army Angler,/ip/LEGO-71019-The-Ninjago-Movie-Collectible-Minifigure-Shark-Army-Angler/453776880,"Current Price
$21.13
$21.13"
"LEGO NINJAGO Legacy Kais Blade Cycle & Zanes Snowmobile 70667 Building Kit (376 Pieces), Build Kais Blade Cycle, featuring foldout blades, and Zanes Elemental.., By Visit the LEGO Store",/ip/LEGO-NINJAGO-Legacy-Kai-s-Blade-Cycle-Zane-s-Snowmobile-70667-Building-Kit-376-Pieces-Build-Cycle-featuring-foldout-blades-Elemental-By-Visit-Store/993121026,Reduced Price
LEGO Ninjago Minifigure - Jay Zukin Robe Jungle Blue Ninja with Dual Gold Sai (70749),/ip/LEGO-Ninjago-Minifigure-Jay-Zukin-Robe-Jungle-Blue-Ninja-with-Dual-Gold-Sai-70749/295600289,"Current Price
$19.98
$19.98"
LEGO Ninjago Spinjitzu Slam Jay 70682 Multi 6265504,/ip/LEGO-Ninjago-Spinjitzu-Slam-Jay-70682-Multi-6265504/274411867,"Current Price
$45.80
$45.80"
LEGO Ninjago The Cowler Dragon Mini Set #30294 [Bagged],/ip/LEGO-Ninjago-The-Cowler-Dragon-Mini-Set-30294-Bagged/47767177,"Current Price
$27.99
$27.99"
LEGO Ninjago Kai's Fire Dragon 71701 6288944,/ip/LEGO-Ninjago-Kai-s-Fire-Dragon-71701-6288944/907491047,"Current Price
$51.86
$51.86"
LEGO Ninjago Minifigure - Samurai X - Sons of Garmadon (Limited Edition) Foil Pack,/ip/LEGO-Ninjago-Minifigure-Samurai-X-Sons-of-Garmadon-Limited-Edition-Foil-Pack/533041772,"Current Price
$10.77
$10.77"
LEGO Ninjago Skybound Lloyd Minifigure [No Packaging],/ip/LEGO-Ninjago-Skybound-Lloyd-Minifigure-No-Packaging/646153892,"Current Price
$13.99
$13.99"
LEGO Ninjago Deepstone Minifigures - Kai with Gold and Black Swords,/ip/LEGO-Ninjago-Deepstone-Minifigures-Kai-with-Gold-and-Black-Swords/615474654,"Current Price
$25.87
$25.87"
LEGO Ninjago 3 FS Ninja Lot: Lloyd Kai Jay (Spinjitzu Slam),/ip/LEGO-Ninjago-3-FS-Ninja-Lot-Lloyd-Kai-Jay-Spinjitzu-Slam/267005887,"Current Price
$32.99
$32.99"
LEGO Ninjago Spinjitzu Slam Jay 70682 Multi 6265504,/ip/LEGO-Ninjago-Spinjitzu-Slam-Jay-70682-Multi-6265504/243111105,"Current Price
$36.75
$36.75"
Ninjago Kendo Jay Mini Set LEGO 5000030 [Bagged],/ip/Ninjago-Kendo-Jay-Mini-Set-LEGO-5000030-Bagged/47625310,"Current Price
$15.99
$15.99"
LEGO Ninjago 3856,/ip/LEGO-Ninjago-3856/16929425,"Current Price
$166.29
$166.29"
LEGO Ninjago Possession Jay (Airjitzu) Minifigure [No Packaging],/ip/LEGO-Ninjago-Possession-Jay-Airjitzu-Minifigure-No-Packaging/581217152,"Current Price
$13.99
$13.99"
LEGO Ninjago 70502 - Cole's Earth Driller,/ip/LEGO-Ninjago-70502-Cole-s-Earth-Driller/22018279,"Current Price
$134.39
$134.39"
LEGO Ninjago Legacy Kai Minifigure [No Packaging],/ip/LEGO-Ninjago-Legacy-Kai-Minifigure-No-Packaging/663120930,"Current Price
$9.99
$9.99"
LEGO Ninjago Jay ZX Booster Pack,/ip/LEGO-Ninjago-Jay-ZX-Booster-Pack/19857006,"Current Price
$16.89
$16.89"
LEGO 70629 Ninjago Movie Piranha Chase Building Kit (217 Pieces),/ip/LEGO-70629-Ninjago-Movie-Piranha-Chase-Building-Kit-217-Pieces/793887611,"Current Price
$35.97
$35.97"
LEGO Dimensions Zane (LEGO Ninjago) Fun Pack (Universal),/ip/LEGO-Dimensions-Zane-LEGO-Ninjago-Fun-Pack-Universal/44662960,"Current Price
$34.50
$34.50"
LEGO BrickHeadz Lloyd 41487 Ninjago Building Set,/ip/LEGO-BrickHeadz-Lloyd-41487-Ninjago-Building-Set/764515289,"Current Price
$44.99
$44.99"
"LEGO Ninjago, Bonezai",/ip/LEGO-Ninjago-Bonezai/15257145,"Current Price
$19.99
$19.99"
LEGO Ninjago Legacy Nya Minifigure [No Packaging],/ip/LEGO-Ninjago-Legacy-Nya-Minifigure-No-Packaging/908802617,"Current Price
$6.99
$6.99"
LEGO Ninjago: General Kozu and Stone Warrior with weapons,/ip/LEGO-Ninjago-General-Kozu-and-Stone-Warrior-with-weapons/870780686,"Current Price
$20.99
$20.99"
LEGO Ninjago Movie Collectible Minifigures - Complete Set of 20 minifigures sealed (71019),/ip/LEGO-Ninjago-Movie-Collectible-Minifigures-Complete-Set-of-20-minifigures-sealed-71019/456851428,"Current Price
$230.00
$230.00"
LEGO Ninjago Secrets of the Forbidden Spinjitzu Kai Minifigure [No Packaging],/ip/LEGO-Ninjago-Secrets-of-the-Forbidden-Spinjitzu-Kai-Minifigure-No-Packaging/542893944,"Current Price
$6.99
$6.99"
The Ninjago Movie Kendo Lloyd Set LEGO 30608 [Bagged],/ip/The-Ninjago-Movie-Kendo-Lloyd-Set-LEGO-30608-Bagged/836536854,"Current Price
$11.99
$11.99"
LEGO Ninjago Legacy Jay Minifigure [No Packaging],/ip/LEGO-Ninjago-Legacy-Jay-Minifigure-No-Packaging/916292070,"Current Price
$9.49
$9.49"
LEGO Ninjago Sensei Wu Minifigure [Tan Hat] [No Packaging],/ip/LEGO-Ninjago-Sensei-Wu-Minifigure-Tan-Hat-No-Packaging/284777945,"Current Price
$12.99
$12.99"
LEGO Ninjago Movie Series Minifigure Misako 71019 *SEALED* MINIFIG IN STOCK,/ip/LEGO-Ninjago-Movie-Series-Minifigure-Misako-71019-SEALED-MINIFIG-IN-STOCK/164858684,"Current Price
$9.99
$9.99"
"LEGO Ninjago Movie Sorting Box, Sand Green",/ip/LEGO-Ninjago-Movie-Sorting-Box-Sand-Green/368846478,New
LEGO Ninjago Movie Collectible Minifigure Lloyd Garmadon,/ip/LEGO-Ninjago-Movie-Collectible-Minifigure-Lloyd-Garmadon/595909004,"Current Price
$25.88
$25.88"
LEGO Ninjago Krait Minifigure,/ip/LEGO-Ninjago-Krait-Minifigure/908798376,"Current Price
$8.53
$8.53"
LEGO Ninjago: Cole Sleeveless Rebooted (Legacy),/ip/LEGO-Ninjago-Cole-Sleeveless-Rebooted-Legacy/740083424,"Current Price
$8.79
$8.79"
"Lego Parts: Ninjago Spinner ""Cole ZX - Turntable 6 x 6 Bright Green Top and Dark Bluish Gray Stone Heads Pattern"" (Service Pack - BB549C05PB01)",/ip/Lego-Parts-Ninjago-Spinner-Cole-ZX-Turntable-6-x-6-Bright-Green-Top-and-Dark-Bluish-Gray-Stone-Heads-Pattern-Service-Pack-BB549C05PB01/877435099,"Current Price
$6.99
$6.99"
Ninjago Dareth Vs. Nindroid Mini Set LEGO 5002144 [Bagged],/ip/Ninjago-Dareth-Vs-Nindroid-Mini-Set-LEGO-5002144-Bagged/47767421,"Current Price
$29.99
$29.99"
LEGO Ninjago: General Kozu minifig (Day of The Departed),/ip/LEGO-Ninjago-General-Kozu-minifig-Day-of-The-Departed/637703237,"Current Price
$17.59
$17.59"
LEGO Ninjago Minifigure - Kai Zukin Robe Jungle Red Ninja with Dual Gold Swords (70745),/ip/LEGO-Ninjago-Minifigure-Kai-Zukin-Robe-Jungle-Red-Ninja-with-Dual-Gold-Swords-70745/116363625,"Current Price
$24.53
$24.53
Out of stock"
LEGO Collectible Minifigure Series The Lego Ninjago Movie Gong & Guitar Rocker - Complete Set,/ip/LEGO-Collectible-Minifigure-Series-The-Lego-Ninjago-Movie-Gong-Guitar-Rocker-Complete-Set/983013460,"Current Price
$7.25
$7.25"
"LEGO Ninjago, Ice Dragon Attack Play Set",/ip/LEGO-Ninjago-Ice-Dragon-Attack-Play-Set/15257183,"Current Price
$240.29
$240.29"
LEGO Ninjago Jungle Raider 71700 628894,/ip/LEGO-Ninjago-Jungle-Raider-71700-628894/828256618,"Current Price
$36.70
$36.70"
LEGO Ninjago Secrets of the Forbidden Spinjitzu Char Minifigure [No Packaging],/ip/LEGO-Ninjago-Secrets-of-the-Forbidden-Spinjitzu-Char-Minifigure-No-Packaging/967941233,"Current Price
$19.99
$19.99"
LEGO Ninjago: Stone Warrior with Red Blade,/ip/LEGO-Ninjago-Stone-Warrior-with-Red-Blade/167424132,"Current Price
$10.49
$10.49"
Lego - Ninjago: Sensei Wu,/ip/Lego-Ninjago-Sensei-Wu/16621222,"Current Price
$27.99
$27.99"
LEGO Ninjago Cole's Speeder Car 71706 6288954,/ip/LEGO-Ninjago-Cole-s-Speeder-Car-71706-6288954/685816821,"Current Price
$36.75
$36.75"
LEGO Ninjago Prime Empire Lloyd Minifigure [Digi Lloyd] [No Packaging],/ip/LEGO-Ninjago-Prime-Empire-Lloyd-Minifigure-Digi-Lloyd-No-Packaging/296013126,"Current Price
$7.99
$7.99"
Jay (Blue Ninja) - Lego Ninjago Minifigure,/ip/Jay-Blue-Ninja-Lego-Ninjago-Minifigure/950265231,"Current Price
$14.85
$14.85"
LEGO Ninjago Animals Red Slithering Serpent [Loose],/ip/LEGO-Ninjago-Animals-Red-Slithering-Serpent-Loose/48395606,"Current Price
$1.99
$1.99"
LEGO Ninjago Possession Cole (Airjitzu) Minifigure [No Packaging],/ip/LEGO-Ninjago-Possession-Cole-Airjitzu-Minifigure-No-Packaging/423380745,"Current Price
$9.99
$9.99"
LEGO LEGO Ninjago Lloyd ZX With Dual Gold katanas Minifigure [Green] [No Packaging],/ip/LEGO-LEGO-Ninjago-Lloyd-ZX-With-Dual-Gold-katanas-Minifigure-Green-No-Packaging/833605727,"Current Price
$29.99
$29.99"
LEGO Dimensions Nya (LEGO Ninjago) Fun Pack (Universal),/ip/LEGO-Dimensions-Nya-LEGO-Ninjago-Fun-Pack-Universal/44662958,"Current Price
$21.99
$21.99"
LEGO Ninjago Secrets of the Forbidden Spinjitzu Kai FS (Spinjitzu Slam) Minifigure [No Packaging],/ip/LEGO-Ninjago-Secrets-of-the-Forbidden-Spinjitzu-Kai-FS-Spinjitzu-Slam-Minifigure-No-Packaging/214443492,"Current Price
$9.99
$9.99"
LEGO Ninjago TURBO 30532,/ip/LEGO-Ninjago-TURBO-30532/217257006,"Current Price
$19.99
$19.99"
LEGO Ninjago Movie Minifigures Series 71019 - Master Wu,/ip/LEGO-Ninjago-Movie-Minifigures-Series-71019-Master-Wu/938516273,"Current Price
$23.45
$23.45"
LEGO Ninjago Secrets of the Forbidden Spinjitzu Lloyd Minifigure [No Packaging],/ip/LEGO-Ninjago-Secrets-of-the-Forbidden-Spinjitzu-Lloyd-Minifigure-No-Packaging/236599131,"Current Price
$6.99
$6.99"
LEGO Ninjago: Nindroid Minifig (Legacy),/ip/LEGO-Ninjago-Nindroid-Minifig-Legacy/514013659,"Current Price
$8.79
$8.79"
Ninjago Scrinium Shrine Mini Set LEGO 2856134 [Bagged],/ip/Ninjago-Scrinium-Shrine-Mini-Set-LEGO-2856134-Bagged/47625559,"Current Price
$21.98
$21.98"
LEGO Ninjago: Teen Wu (in Dragon Hunter Disguise) with Battle Staff,/ip/LEGO-Ninjago-Teen-Wu-in-Dragon-Hunter-Disguise-with-Battle-Staff/717087572,"Current Price
$13.19
$13.19"
LEGO 30293 Ninjago Kai Drifter Polybag Set,/ip/LEGO-30293-Ninjago-Kai-Drifter-Polybag-Set/136791899,"Current Price
$28.77
$28.77"
LEGO Ninjago Movie Series Minifigure Cole 71019 *SEALED* MINIFIG IN STOCK,/ip/LEGO-Ninjago-Movie-Series-Minifigure-Cole-71019-SEALED-MINIFIG-IN-STOCK/855584848,"Current Price
$10.99
$10.99"
LEGO Ninjago Movie Minifigures Series 71019 - Lloyd,/ip/LEGO-Ninjago-Movie-Minifigures-Series-71019-Lloyd/681456703,"Current Price
$28.24
$28.24"
LEGO Ninjago Giant Stone Warrior Minifigure Loose 70591,/ip/LEGO-Ninjago-Giant-Stone-Warrior-Minifigure-Loose-70591/201864130,"Current Price
$16.49
$16.49"
LEGO Ninjago Skybound Cole Minifigure [No Packaging],/ip/LEGO-Ninjago-Skybound-Cole-Minifigure-No-Packaging/768809944,"Current Price
$8.99
$8.99"
LEGO Ninjago NRG Cole Minifigure [No Packaging],/ip/LEGO-Ninjago-NRG-Cole-Minifigure-No-Packaging/289918228,"Current Price
$21.99
$21.99"
LEGO Ninjago The Golden Weapons Cole DX (Dragon eXtreme Suit) Minifigure [No Packaging],/ip/LEGO-Ninjago-The-Golden-Weapons-Cole-DX-Dragon-eXtreme-Suit-Minifigure-No-Packaging/752199911,"Current Price
$19.99
$19.99"
LEGO Ninjago WU-CRU Target Training 30530,/ip/LEGO-Ninjago-WU-CRU-Target-Training-30530/804130848,"Current Price
$12.99
$12.99"
LEGO Dimensions Ninjago Sensei Pack (Universal),/ip/LEGO-Dimensions-Ninjago-Sensei-Pack-Universal/46937074,"Current Price
$24.99
$24.99"
Lego Ninjago 2 PC Long Sleeve Coat Pajama Set Boy Size 8,/ip/Lego-Ninjago-2-PC-Long-Sleeve-Coat-Pajama-Set-Boy-Size-8/798338501,"Current Price
$39.99
$39.99"
LEGO Ninjago: Pyro Whipper with Chain Whip,/ip/LEGO-Ninjago-Pyro-Whipper-with-Chain-Whip/691538941,"Current Price
$11.49
$11.49"
LEGO LEGO Ninjago Lasha Minifigure [No Packaging],/ip/LEGO-LEGO-Ninjago-Lasha-Minifigure-No-Packaging/501826023,"Current Price
$8.99
$8.99"
LEGO LEGO Ninjago Silver Shuriken Loose Weapon,/ip/LEGO-LEGO-Ninjago-Silver-Shuriken-Loose-Weapon/655060135,"Current Price
$0.50
$0.50"
Ninjago Character Card Shrine Set LEGO 850445,/ip/Ninjago-Character-Card-Shrine-Set-LEGO-850445/48244425,"Current Price
$43.74
$43.74"
"LEGO LEGO Ninjago Green Male Yellow Eyes, Serpent Tongue & Fangs Loose Head",/ip/LEGO-LEGO-Ninjago-Green-Male-Yellow-Eyes-Serpent-Tongue-Fangs-Loose-Head/48397177,"Current Price
$0.99
$0.99"
LEGO LEGO Ninjago Slithraa Minifigure [No Packaging],/ip/LEGO-LEGO-Ninjago-Slithraa-Minifigure-No-Packaging/598404048,"Current Price
$21.99
$21.99"
LEGO Ninjago Movie Minifigure Flashback Garmadon 71019 *SEALED* IN STOCK NOW,/ip/LEGO-Ninjago-Movie-Minifigure-Flashback-Garmadon-71019-SEALED-IN-STOCK-NOW/747444405,"Current Price
$9.99
$9.99"
LEGO NinjaGo Minifigure - Cole Hands of Time (Limited Edition Foil Pack),/ip/LEGO-NinjaGo-Minifigure-Cole-Hands-of-Time-Limited-Edition-Foil-Pack/833756595,"Current Price
$14.94
$14.94"
LEGO Ninjago - Limited Edition - Sons of Garmadon - Buffer foil Pack (891838),/ip/LEGO-Ninjago-Limited-Edition-Sons-of-Garmadon-Buffer-foil-Pack-891838/715250785,"Current Price
$14.99
$14.99"
Ninjago Venomari Shrine Set LEGO 9440,/ip/Ninjago-Venomari-Shrine-Set-LEGO-9440/19857002,"Current Price
$73.99
$73.99"
"LEGO LEGO Ninjago Green Male Yellow Eyes, Serpent Tongue & Fangs Loose Head",/ip/LEGO-LEGO-Ninjago-Green-Male-Yellow-Eyes-Serpent-Tongue-Fangs-Loose-Head/48397177,"Current Price
$0.99
$0.99"
LEGO Ninjago - Limited Edition - Sons of Garmadon - Buffer foil Pack (891838),/ip/LEGO-Ninjago-Limited-Edition-Sons-of-Garmadon-Buffer-foil-Pack-891838/715250785,"Current Price
$14.99
$14.99"
LEGO LEGO The Ninjago Movie Master Wu Keychain [Bagged],/ip/LEGO-LEGO-The-Ninjago-Movie-Master-Wu-Keychain-Bagged/851245947,"Current Price
$10.89
$10.89"
LEGO Ninjago Garmadon's Dark Fortress Set #2505,/ip/LEGO-Ninjago-Garmadon-s-Dark-Fortress-Set-2505/15257182,"Current Price
$369.85
$369.85"
LEGO Minifigure - Ninjago - CHOKUN,/ip/LEGO-Minifigure-Ninjago-CHOKUN/208738945,"Current Price
$12.89
$12.89"
LEGO Ninjago Ronin Minifigure,/ip/LEGO-Ninjago-Ronin-Minifigure/120753863,"Current Price
$12.99
$12.99"
LEGO Ninjago Stealthy Swamp Airboat (30426) Bagged,/ip/LEGO-Ninjago-Stealthy-Swamp-Airboat-30426-Bagged/138564078,"Current Price
$12.99
$12.99"
LEGO Ninjago Cole Minifigure [Rebooted with Katanas] [No Packaging],/ip/LEGO-Ninjago-Cole-Minifigure-Rebooted-with-Katanas-No-Packaging/972504148,"Current Price
$9.99
$9.99"
LEGO LEGO Ninjago Lime Green Slithering Serpent [No Packaging],/ip/LEGO-LEGO-Ninjago-Lime-Green-Slithering-Serpent-No-Packaging/456878338,"Current Price
$1.25
$1.25"
LEGO Ninjago Legacy Lasha Minifigure [No Packaging],/ip/LEGO-Ninjago-Legacy-Lasha-Minifigure-No-Packaging/629612068,"Current Price
$6.99
$6.99"
LEGO Ninjago Minifigure Parts Golden Pickaxe Loose Weapon [Loose],/ip/LEGO-Ninjago-Minifigure-Parts-Golden-Pickaxe-Loose-Weapon-Loose/48342756,"Current Price
$1.99
$1.99"
LEGO Ninjago Minifigure Parts White Bone Loose Weapon [Loose],/ip/LEGO-Ninjago-Minifigure-Parts-White-Bone-Loose-Weapon-Loose/48345337,"Current Price
$0.30
$0.30"
LEGO LEGO Ninjago Bluish Gray Kendo Helmet with White Grill [No Packaging],/ip/LEGO-LEGO-Ninjago-Bluish-Gray-Kendo-Helmet-with-White-Grill-No-Packaging/266366876,"Current Price
$0.99
$0.99"
LEGO Ninjago Secrets of the Forbidden Spinjitzu Lloyd FS (Spinjitzu Slam) Minifigure [No Packaging],/ip/LEGO-Ninjago-Secrets-of-the-Forbidden-Spinjitzu-Lloyd-FS-Spinjitzu-Slam-Minifigure-No-Packaging/458722137,"Current Price
$8.99
$8.99"
LEGO Ninjago: Cole Sons of Garmadon with Hammer,/ip/LEGO-Ninjago-Cole-Sons-of-Garmadon-with-Hammer/624534493,"Current Price
$10.99
$10.99"
LEGO Ninjago Scout - Yellow Face Markings Minifigure,/ip/LEGO-Ninjago-Scout-Yellow-Face-Markings-Minifigure/544032468,"Current Price
$7.64
$7.64"
LEGO Ninjago Iron Baron Minifigure Foil Pack 891948,/ip/LEGO-Ninjago-Iron-Baron-Minifigure-Foil-Pack-891948/556159060,"Current Price
$10.99
$10.99"
LEGO Ninjago: Kai Digi with Joypad hilt,/ip/LEGO-Ninjago-Kai-Digi-with-Joypad-hilt/600505904,"Current Price
$11.39
$11.39"
LEGO Ninjago: Cole Sons of Garmadon with Boom Hammer From 8918392,/ip/LEGO-Ninjago-Cole-Sons-of-Garmadon-with-Boom-Hammer-From-8918392/371999482,"Current Price
$10.99
$10.99"
Pythor's Revenge (Lego Ninjago: Chapter Book),/ip/Pythor-s-Revenge-Lego-Ninjago-Chapter-Book/53935840,"Current Price
$7.24
$7.24"
Lego Ninjago 2013 Kai Minifigure Final Battle Suit,/ip/Lego-Ninjago-2013-Kai-Minifigure-Final-Battle-Suit/888925910,"Current Price
$35.00
$35.00"
LEGO Ninjago Daddy No Legs Minifigure Foil Pack Set 891950 - Hunted,/ip/LEGO-Ninjago-Daddy-No-Legs-Minifigure-Foil-Pack-Set-891950-Hunted/999717165,"Current Price
$10.99
$10.99"
LEGO Ninjago: Cole Sons of Garmadon with Boom Hammer From 8918392,/ip/LEGO-Ninjago-Cole-Sons-of-Garmadon-with-Boom-Hammer-From-8918392/371999482,"Current Price
$10.99
$10.99"
LEGO Collectible Minifigure Series The Lego Ninjago Movie GPL Tech - Complete Set,/ip/LEGO-Collectible-Minifigure-Series-The-Lego-Ninjago-Movie-GPL-Tech-Complete-Set/942182099,"Current Price
$6.59
$6.59"
LEGO Ninjago Movie Minifigure Gong & Guitar Rocker 71019 *SEALED* IN STOCK NOW,/ip/LEGO-Ninjago-Movie-Minifigure-Gong-Guitar-Rocker-71019-SEALED-IN-STOCK-NOW/170111746,"Current Price
$7.99
$7.99"
LEGO Ninjago Lloyd Garmadon 9552,/ip/LEGO-Ninjago-Lloyd-Garmadon-9552/19857005,"Current Price
$34.99
$34.99"
LEGO Ninjago Limited Edition Minifigure - Sqiffy (891612),/ip/LEGO-Ninjago-Limited-Edition-Minifigure-Sqiffy-891612/246953528,"Current Price
$9.99
$9.99"
LEGO LEGO Ninjago White Slithering Serpent [No Packaging],/ip/LEGO-LEGO-Ninjago-White-Slithering-Serpent-No-Packaging/571382477,"Current Price
$1.50
$1.50"
LEGO Ninjago Ash Minifigure [No Packaging],/ip/LEGO-Ninjago-Ash-Minifigure-No-Packaging/417181398,"Current Price
$17.99
$17.99"
LEGO Ninjago 24 pc Building Toy - Kruncha,/ip/LEGO-Ninjago-24-pc-Building-Toy-Kruncha/16672300,"Current Price
$22.99
$22.99"
LEGO Ninjago Movie Minifigures Series 71019 - Shark Army Octopus,/ip/LEGO-Ninjago-Movie-Minifigures-Series-71019-Shark-Army-Octopus/740076119,"Current Price
$30.00
$30.00"
LEGO LEGO Ninjago Green Alien with Big Yellow Eyes and Scales Loose Head,/ip/LEGO-LEGO-Ninjago-Green-Alien-with-Big-Yellow-Eyes-and-Scales-Loose-Head/48394916,"Current Price
$1.99
$1.99"
Temple Of The Ultimate Ultimate Weapon Ninjago Movie Construction Kit,/ip/Temple-Of-The-Ultimate-Ultimate-Weapon-Ninjago-Movie-Construction-Kit/399600388,"Current Price
$229.00
$229.00"
LEGO LEGO Ninjago Red Ninja Wrap with Gold 3 Point Emblem Loose Accessory,/ip/LEGO-LEGO-Ninjago-Red-Ninja-Wrap-with-Gold-3-Point-Emblem-Loose-Accessory/580814413,"Current Price
$1.99
$1.99"
LEGO Ninjago Movie Minifigures Series 71019 - Kai Kendo,/ip/LEGO-Ninjago-Movie-Minifigures-Series-71019-Kai-Kendo/535149683,"Current Price
$20.90
$20.90"
LEGO Ninjago 70738 Final Flight of Destiny's Bounty Building Kit,/ip/LEGO-Ninjago-70738-Final-Flight-of-Destiny-s-Bounty-Building-Kit/135764293,"Current Price
$577.49
$577.49"
Ninjago Ninja Training with Jay Mini Set LEGO 30082 [Bagged],/ip/Ninjago-Ninja-Training-with-Jay-Mini-Set-LEGO-30082-Bagged/47902549,"Current Price
$19.99
$19.99"
LEGO Ninjago - Zane Deepstone Minifig with Armor and Aeroblade (70737),/ip/LEGO-Ninjago-Zane-Deepstone-Minifig-with-Armor-and-Aeroblade-70737/162331772,"Current Price
$32.93
$32.93"
LEGO LEGO Ninjago Kai Clip On Minifigure,/ip/LEGO-LEGO-Ninjago-Kai-Clip-On-Minifigure/47622399,"Current Price
$29.99
$29.99"
LEGO Ninjago Airjitzu Zane Flyer,/ip/LEGO-Ninjago-Airjitzu-Zane-Flyer/44898047,"Current Price
$9.99
$9.99
Out of stock"
LEGO LEGO Ninjago Jay Clip On Minifigure,/ip/LEGO-LEGO-Ninjago-Jay-Clip-On-Minifigure/47623146,"Current Price
$29.99
$29.99"
Ninjago Ninja Training with Jay Mini Set LEGO 30082 [Bagged],/ip/Ninjago-Ninja-Training-with-Jay-Mini-Set-LEGO-30082-Bagged/47902549,"Current Price
$19.99
$19.99"
LEGO LEGO Ninjago Kai Clip On Minifigure,/ip/LEGO-LEGO-Ninjago-Kai-Clip-On-Minifigure/47622399,"Current Price
$29.99
$29.99"
LEGO Ninjago 70735 Ronin R.E.X. Ninja Building Kit,/ip/LEGO-Ninjago-70735-Ronin-R-E-X-Ninja-Building-Kit/164724964,"Current Price
$236.00
$236.00"
LEGO Ninjago Samurai,/ip/LEGO-Ninjago-Samurai/17767398,"Current Price
$44.99
$44.99"
LEGO Ninjago Titanium Dragon Toy (Discontinued by manufacturer),/ip/LEGO-Ninjago-Titanium-Dragon-Toy-Discontinued-by-manufacturer/169708329,"Current Price
$298.00
$298.00"
2016 LEGO Ninjago The Green NRG Dragon 70593,/ip/2016-LEGO-Ninjago-The-Green-NRG-Dragon-70593/372116857,"Current Price
$306.00
$306.00"
Lego NinjaGo 2-Pack Pillowcase Set - Ninja Master,/ip/Lego-NinjaGo-2-Pack-Pillowcase-Set-Ninja-Master/192696966,"Current Price
$5.74
$5.74"
LEGO Ninjago Jungle Trap,/ip/LEGO-Ninjago-Jungle-Trap/42911229,"Current Price
$88.26
$88.26"
Lego Ninjago 70734 Master WU Dragon Ninja Building Kit,/ip/Lego-Ninjago-70734-Master-WU-Dragon-Ninja-Building-Kit/142142536,"Current Price
$209.39
$209.39"
lego ninjago - the gold ninja with 3 weapons,/ip/lego-ninjago-the-gold-ninja-with-3-weapons/177282654,"Current Price
$57.00
$57.00"
LEGO Ninjago Minifigure Accessory Pack 850632 - New release,/ip/LEGO-Ninjago-Minifigure-Accessory-Pack-850632-New-release/130741878,"Current Price
$69.98
$69.98"
LEGO Ninjago Skybound Jay Minifigure,/ip/LEGO-Ninjago-Skybound-Jay-Minifigure/191377129,"Current Price
$28.23
$28.23"
LEGO Ninjago Minifigure - Pythor P. Chumsworth Purple Snake (9449),/ip/LEGO-Ninjago-Minifigure-Pythor-P-Chumsworth-Purple-Snake-9449/764231378,"Current Price
$121.00
$121.00"
LEGO Ninjago Airjitzu Jay Flyer 70740 Building Kit,/ip/LEGO-Ninjago-Airjitzu-Jay-Flyer-70740-Building-Kit/145366862,"Current Price
$125.00
$125.00"
LEGO Ninjago Sensei Wu Clip On Minifigure #1749,/ip/LEGO-Ninjago-Sensei-Wu-Clip-On-Minifigure-1749/48397561,"Current Price
$34.99
$34.99"
LEGO Ninjago Jay Lightning Dragon Battle Limited Edition Toy Set 2521,/ip/LEGO-Ninjago-Jay-Lightning-Dragon-Battle-Limited-Edition-Toy-Set-2521/856024893,"Current Price
$489.99
$489.99"
LEGO LEGO Ninjago White Ninja Wrap with Gold Three Point Star [No Packaging],/ip/LEGO-LEGO-Ninjago-White-Ninja-Wrap-with-Gold-Three-Point-Star-No-Packaging/236154402,"Current Price
$2.99
$2.99"
LEGO Ninjago 70736 Attack of the Morro Dragon Building Kit,/ip/LEGO-Ninjago-70736-Attack-of-the-Morro-Dragon-Building-Kit/413715255,"Current Price
$659.00
$659.00"
LEGO Ninjago Zane 2113,/ip/LEGO-Ninjago-Zane-2113/15257149,"Current Price
$69.99
$69.99"
LEGO LEGO Ninjago Golden Bone Loose Weapon,/ip/LEGO-LEGO-Ninjago-Golden-Bone-Loose-Weapon/460877795,"Current Price
$1.99
$1.99"
LEGO Ninjago Rattlecopter 9443,/ip/LEGO-Ninjago-Rattlecopter-9443/142508274,"Current Price
$271.06
$271.06"
LEGO Ninjago NRG Kai Minifigure [No Packaging],/ip/LEGO-Ninjago-NRG-Kai-Minifigure-No-Packaging/987972911,"Current Price
$19.99
$19.99"
"LEGO Ninjago, Kai Drifter Set (30293) Bagged",/ip/LEGO-Ninjago-Kai-Drifter-Set-30293-Bagged/189838549,"Current Price
$29.35
$29.35"
LEGO Ninjago Movie Minifigures Series 71019 - Shark Army Great White,/ip/LEGO-Ninjago-Movie-Minifigures-Series-71019-Shark-Army-Great-White/762185203,"Current Price
$17.76
$17.76"
LEGO Ninjago ElectroMech Toy,/ip/LEGO-Ninjago-ElectroMech-Toy/114117136,"Current Price
$247.00
$247.00"
Lego Ninjago 70738 Final Flight of Destiny's Bounty Building Kit,/ip/Lego-Ninjago-70738-Final-Flight-of-Destiny-s-Bounty-Building-Kit/478471234,"Current Price
$535.22
$535.22"
LEGO Ninjago 70736 Attack of the Morro Dragon Building Kit,/ip/LEGO-Ninjago-70736-Attack-of-the-Morro-Dragon-Building-Kit/105159419,"Current Price
$659.00
$659.00"
LEGO Ninjago Cole Skybound Ghost Minifigure,/ip/LEGO-Ninjago-Cole-Skybound-Ghost-Minifigure/168363202,"Current Price
$12.99
$12.99"
LEGO Ninjago Minifigure - Skylor Female Orange - Gold Ninja with Crossbow and Quiver (70746),/ip/LEGO-Ninjago-Minifigure-Skylor-Female-Orange-Gold-Ninja-with-Crossbow-and-Quiver-70746/145043746,"Current Price
$13.99
$13.99"
LEGO Ninjago - Jay Hands of Time,/ip/LEGO-Ninjago-Jay-Hands-of-Time/465586688,"Current Price
$29.40
$29.40"
"LEGO NinjaGo Minifigure - Kai (Hands of Time, w/ Black Armor) 70627",/ip/LEGO-NinjaGo-Minifigure-Kai-Hands-of-Time-w-Black-Armor-70627/354968912,"Current Price
$16.47
$16.47"
LEGO Ninjago Minifigure - Jay Zukin Robe Jungle Blue Ninja with Dual Gold Sai (70749),/ip/LEGO-Ninjago-Minifigure-Jay-Zukin-Robe-Jungle-Blue-Ninja-with-Dual-Gold-Sai-70749/547402263,"Current Price
$10.99
$10.99"
Ninjago Sensei Wu Fun Pack - LEGO Dimensions,/ip/Ninjago-Sensei-Wu-Fun-Pack-LEGO-Dimensions/268883747,"Current Price
$37.62
$37.62"
LEGO Ninjago Nuckal,/ip/LEGO-Ninjago-Nuckal/16503233,"Current Price
$61.98
$61.98"
Lego Ninjago 70723 Thunder Raider Toy,/ip/Lego-Ninjago-70723-Thunder-Raider-Toy/832691492,"Current Price
$175.24
$175.24"
Lego Ninjago Jay ZX Minifigure with Armor and Katana Sword,/ip/Lego-Ninjago-Jay-ZX-Minifigure-with-Armor-and-Katana-Sword/580454625,"Current Price
$31.29
$31.29"
LEGO Ninjago Misfortune's Keep 70605,/ip/LEGO-Ninjago-Misfortune-s-Keep-70605/128004389,"Current Price
$428.00
$428.00"
LEGO Ninjago - NRG Kai and Sword (Shamshir),/ip/LEGO-Ninjago-NRG-Kai-and-Sword-Shamshir/184831042,"Current Price
$38.80
$38.80
Out of stock"
LEGO Collectible Minifigure Series The Lego Ninjago Movie Sushi Chef - Complete Set,/ip/LEGO-Collectible-Minifigure-Series-The-Lego-Ninjago-Movie-Sushi-Chef-Complete-Set/981521681,"Current Price
$8.10
$8.10
Out of stock"
LEGO Collectible Ninjago Movie GPL Tech - Minifig Only Entry,/ip/LEGO-Collectible-Ninjago-Movie-GPL-Tech-Minifig-Only-Entry/966390078,"Current Price
$5.98
$5.98"
LEGO Ninjago Lloyd Gold Ninja Minifigure,/ip/LEGO-Ninjago-Lloyd-Gold-Ninja-Minifigure/147814587,"Current Price
$57.00
$57.00"
LEGO Ninjago Tiger Widow Island 70604,/ip/LEGO-Ninjago-Tiger-Widow-Island-70604/545347279,"Current Price
$235.00
$235.00"
"LEGO LEGO Ninjago Cole, Nuckal & Jay Magnets",/ip/LEGO-LEGO-Ninjago-Cole-Nuckal-Jay-Magnets/47623062,"Current Price
$29.99
$29.99"
LEGO Ninjago Hands of time Minifigure - Zane (Limited Edition Foil Pack with Sword and Crystals),/ip/LEGO-Ninjago-Hands-of-time-Minifigure-Zane-Limited-Edition-Foil-Pack-with-Sword-and-Crystals/315371743,"Current Price
$16.61
$16.61"
LEGO Ninjago 3 FS Ninja Lot: Lloyd Kai Jay (Spinjitzu Slam),/ip/LEGO-Ninjago-3-FS-Ninja-Lot-Lloyd-Kai-Jay-Spinjitzu-Slam/678011912,"Current Price
$24.99
$24.99"
LEGO NINJAGO Legacy The Ultra Dragon 70679 Building Kit (951 Pieces),/ip/LEGO-NINJAGO-Legacy-The-Ultra-Dragon-70679-Building-Kit-951-Pieces/372614334,"Current Price
$385.12
$385.12"
LEGO Ninjago: Lloyd Digi with Sword and Controller Hilt,/ip/LEGO-Ninjago-Lloyd-Digi-with-Sword-and-Controller-Hilt/499331015,"Current Price
$11.99
$11.99"
LEGO Ninjago Masters of Spinjitzu Vermillion Sword 853689,/ip/LEGO-Ninjago-Masters-of-Spinjitzu-Vermillion-Sword-853689/130098731,"Current Price
$149.99
$149.99"
"Lego Ninjago Movie ""Lloyd Mask"" Child Costume Accessory",/ip/Lego-Ninjago-Movie-Lloyd-Mask-Child-Costume-Accessory/359942347,"Current Price
$29.99
$29.99"
LEGO Ninjago Clouse Minifigure,/ip/LEGO-Ninjago-Clouse-Minifigure/169358387,"Current Price
$12.99
$12.99"
LEGO Ninjago: Lloyd Airjitzu with Dual Gold Swords,/ip/LEGO-Ninjago-Lloyd-Airjitzu-with-Dual-Gold-Swords/522226278,"Current Price
$28.23
$28.23"
LEGO Ninjago Stone Swordsman Minifigure Foil Pack 891728,/ip/LEGO-Ninjago-Stone-Swordsman-Minifigure-Foil-Pack-891728/418553768,"Current Price
$13.19
$13.19"
LEGO Ninjago Gold Weapons Set (Minifigures),/ip/LEGO-Ninjago-Gold-Weapons-Set-Minifigures/199760596,"Current Price
$17.04
$17.04"
LEGO Ninjago: Sensei Wu with Staff (70596),/ip/LEGO-Ninjago-Sensei-Wu-with-Staff-70596/310025552,"Current Price
$25.83
$25.83"
LEGO Minifigure - Ninjago - FRAKJAW with Armor,/ip/LEGO-Minifigure-Ninjago-FRAKJAW-with-Armor/501883668,"Current Price
$17.99
$17.99"
LEGO Legoland Ninjago World 40429,/ip/LEGO-Legoland-Ninjago-World-40429/815414205,"Current Price
$79.99
$79.99"
LEGO Ninjago Spinjitzu Slam Lloyd Multi 6265502,/ip/LEGO-Ninjago-Spinjitzu-Slam-Lloyd-Multi-6265502/719103331,"Current Price
$36.78
$36.78"
LEGO Ninjago Lloyd Avatar Arcade Pod 6288972,/ip/LEGO-Ninjago-Lloyd-Avatar-Arcade-Pod-6288972/198194548,"Current Price
$36.75
$36.75"
LEGO Ninjago Kai's Fire Dragon 71701 6288944,/ip/LEGO-Ninjago-Kai-s-Fire-Dragon-71701-6288944/116096272,"Current Price
$52.85
$52.85"
Lego NINJAGO Jay Ninja Warrior,/ip/Lego-NINJAGO-Jay-Ninja-Warrior/883593300,"Current Price
$25.00
$25.00"
LEGO Ninjago: Lloyd Airjitzu with Dual Gold Swords,/ip/LEGO-Ninjago-Lloyd-Airjitzu-with-Dual-Gold-Swords/522226278,"Current Price
$28.23
$28.23"
LEGO Minifigure - Ninjago - KRAZI Skeleton with Jester Hat,/ip/LEGO-Minifigure-Ninjago-KRAZI-Skeleton-with-Jester-Hat/709994529,"Current Price
$30.99
$30.99"
"LEGO Ninjago Boys Pants (XS 4/5, Multi)",/ip/LEGO-Ninjago-Boys-Pants-XS-4-5-Multi/390798739,"Current Price
$23.95
$23.95"
LEGO Minifigure - Ninjago - FRAKJAW with Armor,/ip/LEGO-Minifigure-Ninjago-FRAKJAW-with-Armor/501883668,"Current Price
$17.99
$17.99"
LEGO Ninjago Spinjitzu Slam Lloyd Multi 6265502,/ip/LEGO-Ninjago-Spinjitzu-Slam-Lloyd-Multi-6265502/899035161,"Current Price
$36.75
$36.75"
Lego Ninjago 4 PC Long Sleeve Tight Fit Cotton Pajama Set Boy Size 6,/ip/Lego-Ninjago-4-PC-Long-Sleeve-Tight-Fit-Cotton-Pajama-Set-Boy-Size-6/876234725,"Current Price
$69.99
$69.99"
LEGO LEGO Ninjago Saber / Dao Curved Sword Loose Weapon,/ip/LEGO-LEGO-Ninjago-Saber-Dao-Curved-Sword-Loose-Weapon/386933358,"Current Price
$0.99
$0.99"
LEGO Ninjago Movie Minifigure GPL Tech Batman 71019 *SEALED* IN STOCK NOW,/ip/LEGO-Ninjago-Movie-Minifigure-GPL-Tech-Batman-71019-SEALED-IN-STOCK-NOW/745161983,"Current Price
$5.99
$5.99"
"LEGO Wear Boys' Big Snow Beanie Print, Dark Navy NINJAGO, 8-11yrs",/ip/LEGO-Wear-Boys-Big-Snow-Beanie-Print-Dark-Navy-NINJAGO-8-11yrs/637286698,"Current Price
$29.47
$29.47"
Lego Weapon Pack 9591,/ip/Lego-Weapon-Pack-9591/20552242,"Current Price
$49.99
$49.99"
LEGO Minecraft The Mountain Cave 21137 Building Kit (2863 Piece),/ip/LEGO-Minecraft-The-Mountain-Cave-21137-Building-Kit-2863-Piece/55126278,"Current Price
$1981.63
$1,981.63"
LEGO Nindroid MechDragon (70725),/ip/LEGO-Nindroid-MechDragon-70725/140896348,"Current Price
$149.99
$149.99"
"DK Readers Level 2: DK Readers L2: Lego(r) Ninjago: Ninja, Go!: Get Ready for Ninja Action! (Paperback)",/ip/DK-Readers-Level-2-DK-Readers-L2-Lego-r-Ninjago-Ninja-Go-Get-Ready-for-Ninja-Action-Paperback/43296220,"Current Price
$6.24
$6.24"
Lego Nrg Cole 9572,/ip/Lego-Nrg-Cole-9572/20552247,"Current Price
$39.97
$39.97"
LEGO Ninjago - Jay Hands of Time minifig,/ip/LEGO-Ninjago-Jay-Hands-of-Time-minifig/686793766,"Current Price
$14.99
$14.99"
LEGO Ninjago 30085 Jumping Snakes (polybag),/ip/LEGO-Ninjago-30085-Jumping-Snakes-polybag/367542212,"Current Price
$59.99
$59.99"
"LEGO Ninjago, Ninja Ambush Play Set",/ip/LEGO-Ninjago-Ninja-Ambush-Play-Set/15257200,"Current Price
$64.99
$64.99"
"LEGO Ninjago, Krazi",/ip/LEGO-Ninjago-Krazi/15257146,"Current Price
$35.98
$35.98"
"McDonald's Lego Ninjago Movie Master Wu Secret Message Kit #3, Lego Ninjago Movie 2017 By McDonalds Ship from US",/ip/McDonald-s-Lego-Ninjago-Movie-Master-Wu-Secret-Message-Kit-3-Lego-Ninjago-Movie-2017-By-McDonalds-Ship-from-US/186627413,Reduced Price
McDonald's Lego Ninjago Movie Master Wu Secret Message Kit #3,/ip/McDonald-s-Lego-Ninjago-Movie-Master-Wu-Secret-Message-Kit-3/885316766,"Current Price
$16.32
$16.32"
Lego Parts: Dimensions Toy Tag 4 x 4 x 2/3 with 2 Studs for Zane #33,/ip/Lego-Parts-Dimensions-Toy-Tag-4-x-4-x-2-3-with-2-Studs-for-Zane-33/288141465,"Current Price
$4.95
$4.95"
Lego - Ninjago Legacy - 30534 Ninja Workout Lloyd - NEW,/ip/Lego-Ninjago-Legacy-30534-Ninja-Workout-Lloyd-NEW/954568805,"Current Price
$14.95
$14.95"
Building Blocks for Lego Party or Ninjago Bricks Decoration Party Kit,/ip/Building-Blocks-for-Lego-Party-or-Ninjago-Bricks-Decoration-Party-Kit/920265795,"Current Price
$22.99
$22.99"
Lot Of 2 Lego Ninjago Minifigures Sets 853544&853687,/ip/Lot-Of-2-Lego-Ninjago-Minifigures-Sets-853544-853687/647507098,"Current Price
$60.75
$60.75"
Lego Merchandise,/ip/Lego-Merchandise/17767401,"Current Price
$79.99
$79.99"
Spinjitzu Spinners Fangdam Set LEGO 9571,/ip/Spinjitzu-Spinners-Fangdam-Set-LEGO-9571/20552241,"Current Price
$97.98
$97.98"
